*Action(SiteID=US|Country=US|Currency=USD|Version=941),*Category,*Title,Subtitle,*Description,*ConditionID,PicURL,*Quantity,*Format,*StartPrice,BuyItNowPrice,*Duration,ImmediatePayRequired,*Location,GalleryType,PayPalAccepted,PayPalEmailAddress,PaymentInstructions,StoreCategory,ShippingDiscountProfileID,DomesticRateTable,ShippingType,ShippingService-1:Option,ShippingService-1:Cost,ShippingService-1:Priority,ShippingService-1:ShippingSurcharge,ShippingService-2:Option,ShippingService-2:Cost,ShippingService-2:Priority,ShippingService-2:ShippingSurcharge,DispatchTimeMax,CustomLabel,ReturnsAcceptedOption,RefundOption,ReturnsWithinOption,ShippingCostPaidByOption,AdditionalDetails,ShippingProfileName,ReturnProfileName,PaymentProfileName
Example,Example,Example,Example,Example,Example,Example,Example,Example,Example,Example,Example,Example,Example,Example,Example,Example,Example,Example,Example,Example,Example,Example,Example,Example,Example,Example,Example,Example,Example,Example,Example,Example,Example,Example,Example,Example,Example,Example,Example
Example,Example,Example,Example,Example,Example,Example,Example,Example,Example,Example,Example,Example,Example,Example,Example,Example,Example,Example,Example,Example,Example,Example,Example,Example,Example,Example,Example,Example,Example,Example,Example,Example,Example,Example,Example,Example,Example,Example,Example
Example,Example,Example,Example,Example,Example,Example,Example,Example,Example,Example,Example,Example,Example,Example,Example,Example,Example,Example,Example,Example,Example,Example,Example,Example,Example,Example,Example,Example,Example,Example,Example,Example,Example,Example,Example,Example,Example,Example,Example
Example,Example,Example,Example,Example,Example,Example,Example,Example,Example,Example,Example,Example,Example,Example,Example,Example,Example,Example,Example,Example,Example,Example,Example,Example,Example,Example,Example,Example,Example,Example,Example,Example,Example,Example,Example,Example,Example,Example,Example
Example,Example,Example,Example,Example,Example,Example,Example,Example,Example,Example,Example,Example,Example,Example,Example,Example,Example,Example,Example,Example,Example,Example,Example,Example,Example,Example,Example,Example,Example,Example,Example,Example,Example,Example,Example,Example,Example,Example,Example
Example,Example,Example,Example,Example,Example,Example,Example,Example,Example,Example,Example,Example,Example,Example,Example,Example,Example,Example,Example,Example,Example,Example,Example,Example,Example,Example,Example,Example,Example,Example,Example,Example,Example,Example,Example,Example,Example,Example,Example
Example,Example,Example,Example,Example,Example,Example,Example,Example,Example,Example,Example,Example,Example,Example,Example,Example,Example,Example,Example,Example,Example,Example,Example,Example,Example,Example,Example,Example,Example,Example,Example,Example,Example,Example,Example,Example,Example,Example,Example
Example,Example,Example,Example,Example,Example,Example,Example,Example,Example,Example,Example,Example,Example,Example,Example,Example,Example,Example,Example,Example,Example,Example,Example,Example,Example,Example,Example,Example,Example,Example,Example,Example,Example,Example,Example,Example,Example,Example,Example
Example,Example,Example,Example,Example,Example,Example,Example,Example,Example,Example,Example,Example,Example,Example,Example,Example,Example,Example,Example,Example,Example,Example,Example,Example,Example,Example,Example,Example,Example,Example,Example,Example,Example,Example,Example,Example,Example,Example,Example
Example,Example,Example,Example,Example,Example,Example,Example,Example,Example,Example,Example,Example,Example,Example,Example,Example,Example,Example,Example,Example,Example,Example,Example,Example,Example,Example,Example,Example,Example,Example,Example,Example,Example,Example,Example,Example,Example,Example,Example
Example,Example,Example,Example,Example,Example,Example,Example,Example,Example,Example,Example,Example,Example,Example,Example,Example,Example,Example,Example,Example,Example,Example,Example,Example,Example,Example,Example,Example,Example,Example,Example,Example,Example,Example,Example,Example,Example,Example,Example
Example,Example,Example,Example,Example,Example,Example,Example,Example,Example,Example,Example,Example,Example,Example,Example,Example,Example,Example,Example,Example,Example,Example,Example,Example,Example,Example,Example,Example,Example,Example,Example,Example,Example,Example,Example,Example,Example,Example,Example
Example,Example,Example,Example,Example,Example,Example,Example,Example,Example,Example,Example,Example,Example,Example,Example,Example,Example,Example,Example,Example,Example,Example,Example,Example,Example,Example,Example,Example,Example,Example,Example,Example,Example,Example,Example,Example,Example,Example,Example
Example,Example,Example,Example,Example,Example,Example,Example,Example,Example,Example,Example,Example,Example,Example,Example,Example,Example,Example,Example,Example,Example,Example,Example,Example,Example,Example,Example,Example,Example,Example,Example,Example,Example,Example,Example,Example,Example,Example,Example
Example,Example,Example,Example,Example,Example,Example,Example,Example,Example,Example,Example,Example,Example,Example,Example,Example,Example,Example,Example,Example,Example,Example,Example,Example,Example,Example,Example,Example,Example,Example,Example,Example,Example,Example,Example,Example,Example,Example,Example
Example,Example,Example,Example,Example,Example,Example,Example,Example,Example,Example,Example,Example,Example,Example,Example,Example,Example,Example,Example,Example,Example,Example,Example,Example,Example,Example,Example,Example,Example,Example,Example,Example,Example,Example,Example,Example,Example,Example,Example
Example,Example,Example,Example,Example,Example,Example,Example,Example,Example,Example,Example,Example,Example,Example,Example,Example,Example,Example,Example,Example,Example,Example,Example,Example,Example,Example,Example,Example,Example,Example,Example,Example,Example,Example,Example,Example,Example,Example,Example
Example,Example,Example,Example,Example,Example,Example,Example,Example,Example,Example,Example,Example,Example,Example,Example,Example,Example,Example,Example,Example,Example,Example,Example,Example,Example,Example,Example,Example,Example,Example,Example,Example,Example,Example,Example,Example,Example,Example,Example
Example,Example,Example,Example,Example,Example,Example,Example,Example,Example,Example,Example,Example,Example,Example,Example,Example,Example,Example,Example,Example,Example,Example,Example,Example,Example,Example,Example,Example,Example,Example,Example,Example,Example,Example,Example,Example,Example,Example,Example
Example,Example,Example,Example,Example,Example,Example,Example,Example,Example,Example,Example,Example,Example,Example,Example,Example,Example,Example,Example,Example,Example,Example,Example,Example,Example,Example,Example,Example,Example,Example,Example,Example,Example,Example,Example,Example,Example,Example,Example
Example,Example,Example,Example,Example,Example,Example,Example,Example,Example,Example,Example,Example,Example,Example,Example,Example,Example,Example,Example,Example,Example,Example,Example,Example,Example,Example,Example,Example,Example,Example,Example,Example,Example,Example,Example,Example,Example,Example,Example
Example,Example,Example,Example,Example,Example,Example,Example,Example,Example,Example,Example,Example,Example,Example,Example,Example,Example,Example,Example,Example,Example,Example,Example,Example,Example,Example,Example,Example,Example,Example,Example,Example,Example,Example,Example,Example,Example,Example,Example
Example,Example,Example,Example,Example,Example,Example,Example,Example,Example,Example,Example,Example,Example,Example,Example,Example,Example,Example,Example,Example,Example,Example,Example,Example,Example,Example,Example,Example,Example,Example,Example,Example,Example,Example,Example,Example,Example,Example,Example
Example,Example,Example,Example,Example,Example,Example,Example,Example,Example,Example,Example,Example,Example,Example,Example,Example,Example,Example,Example,Example,Example,Example,Example,Example,Example,Example,Example,Example,Example,Example,Example,Example,Example,Example,Example,Example,Example,Example,Example
Example,Example,Example,Example,Example,Example,Example,Example,Example,Example,Example,Example,Example,Example,Example,Example,Example,Example,Example,Example,Example,Example,Example,Example,Example,Example,Example,Example,Example,Example,Example,Example,Example,Example,Example,Example,Example,Example,Example,Example
